iter	RMSE
0	2.121050224
75	1.65102695
150	1.365890195
225	1.188220597
300	1.067591936
375	0.9737890407
